<metadata xml:lang="ca"><Esri><CreaDate>20250206</CreaDate><CreaTime>10004100</CreaTime><ArcGISFormat>1.0</ArcGISFormat><SyncOnce>FALSE</SyncOnce><DataProperties><lineage><Process Name="De clase de entidad a clase de entidad" ToolSource="c:\program files (x86)\arcgis\desktop10.8\ArcToolbox\Toolboxes\Conversion Tools.tbx\FeatureClassToFeatureClass" Date="20250206" Time="100041">FeatureClassToFeatureClass "Conexiones de base de datos\Placiutat_U_Geoib1.sde\PLACIUTAT_U.UNITATS_ADM_POLIGONS_V" G:\BK_XSS_Workstation_ET000137\D\Treball\ProductosSHP_FeriaGlobalGeo_2011\DivAdm_vEtrs89\BASE_SHPs_Finales.gdb UNITATS_ADM_POLIGONS_V # "FID "FID" true false false 4 Long 0 10 ,First,#,Conexiones de base de datos\Placiutat_U_Geoib1.sde\PLACIUTAT_U.UNITATS_ADM_POLIGONS_V,FID,-1,-1;ID_ANNEX "ID_ANNEX" true true false 5 Text 0 0 ,First,#,Conexiones de base de datos\Placiutat_U_Geoib1.sde\PLACIUTAT_U.UNITATS_ADM_POLIGONS_V,IDENT_ANEXO,-1,-1;ANNEXDESCR "ANNEXDESCR" true true false 50 Text 0 0 ,First,#,Conexiones de base de datos\Placiutat_U_Geoib1.sde\PLACIUTAT_U.UNITATS_ADM_POLIGONS_V,ANEXO_DESCRIPCIO,-1,-1;ID_TEMA "ID_TEMA" true true false 10 Text 0 0 ,First,#,Conexiones de base de datos\Placiutat_U_Geoib1.sde\PLACIUTAT_U.UNITATS_ADM_POLIGONS_V,IDENT_TEMA,-1,-1;TEMA_DESCR "TEMA_DESCR" true true false 50 Text 0 0 ,First,#,Conexiones de base de datos\Placiutat_U_Geoib1.sde\PLACIUTAT_U.UNITATS_ADM_POLIGONS_V,TEMA_DESCRIPCIO,-1,-1;ID_CONJUNT "ID_CONJUNT" true true false 15 Text 0 0 ,First,#,Conexiones de base de datos\Placiutat_U_Geoib1.sde\PLACIUTAT_U.UNITATS_ADM_POLIGONS_V,IDENT_CONJUNT,-1,-1;CONJ_DESCR "CONJ_DESCR" true true false 50 Text 0 0 ,First,#,Conexiones de base de datos\Placiutat_U_Geoib1.sde\PLACIUTAT_U.UNITATS_ADM_POLIGONS_V,CONJUNT_DESCRIPCIO,-1,-1;ID_SUBCONJ "ID_SUBCONJ" true true false 20 Text 0 0 ,First,#,Conexiones de base de datos\Placiutat_U_Geoib1.sde\PLACIUTAT_U.UNITATS_ADM_POLIGONS_V,IDENT_SUBCONJUNT,-1,-1;SCONJ_DESC "SCONJ_DESC" true true false 50 Text 0 0 ,First,#,Conexiones de base de datos\Placiutat_U_Geoib1.sde\PLACIUTAT_U.UNITATS_ADM_POLIGONS_V,SUBCONJUNT_DESCRIPCIO,-1,-1;ID_ELEMENT "ID_ELEMENT" true true false 25 Text 0 0 ,First,#,Conexiones de base de datos\Placiutat_U_Geoib1.sde\PLACIUTAT_U.UNITATS_ADM_POLIGONS_V,IDENT_ELEMENT,-1,-1;ELEM_DESCR "ELEM_DESCR" true true false 50 Text 0 0 ,First,#,Conexiones de base de datos\Placiutat_U_Geoib1.sde\PLACIUTAT_U.UNITATS_ADM_POLIGONS_V,ELEMENT_DESCRIPCIO,-1,-1;NIVELL "NIVELL" true true false 35 Text 0 0 ,First,#,Conexiones de base de datos\Placiutat_U_Geoib1.sde\PLACIUTAT_U.UNITATS_ADM_POLIGONS_V,NIVELL,-1,-1;NDESCR_CA "NDESCR_CA" true true false 100 Text 0 0 ,First,#,Conexiones de base de datos\Placiutat_U_Geoib1.sde\PLACIUTAT_U.UNITATS_ADM_POLIGONS_V,NIVELL_DESCRIPCIO,-1,-1;NDESCR_ES "NDESCR_ES" true true false 100 Text 0 0 ,First,#,Conexiones de base de datos\Placiutat_U_Geoib1.sde\PLACIUTAT_U.UNITATS_ADM_POLIGONS_V,NIVELL_DESCRIPCIO_ES,-1,-1;NDESCR_EN "NDESCR_EN" true true false 100 Text 0 0 ,First,#,Conexiones de base de datos\Placiutat_U_Geoib1.sde\PLACIUTAT_U.UNITATS_ADM_POLIGONS_V,NIVELL_DESCRIPCIO_EN,-1,-1;TERME "TERME" true true false 6 Text 0 0 ,First,#,Conexiones de base de datos\Placiutat_U_Geoib1.sde\PLACIUTAT_U.UNITATS_ADM_POLIGONS_V,TERME,-1,-1;DISTRICTE "DISTRICTE" true true false 2 Text 0 0 ,First,#,Conexiones de base de datos\Placiutat_U_Geoib1.sde\PLACIUTAT_U.UNITATS_ADM_POLIGONS_V,DISTRICTE,-1,-1;BARRI "BARRI" true true false 2 Text 0 0 ,First,#,Conexiones de base de datos\Placiutat_U_Geoib1.sde\PLACIUTAT_U.UNITATS_ADM_POLIGONS_V,BARRI,-1,-1;AEB "AEB" true true false 3 Text 0 0 ,First,#,Conexiones de base de datos\Placiutat_U_Geoib1.sde\PLACIUTAT_U.UNITATS_ADM_POLIGONS_V,AEB,-1,-1;SEC_CENS "SEC_CENS" true true false 3 Text 0 0 ,First,#,Conexiones de base de datos\Placiutat_U_Geoib1.sde\PLACIUTAT_U.UNITATS_ADM_POLIGONS_V,SEC_CENS,-1,-1;GRANBARRI "GRANBARRI" true true false 2 Text 0 0 ,First,#,Conexiones de base de datos\Placiutat_U_Geoib1.sde\PLACIUTAT_U.UNITATS_ADM_POLIGONS_V,GRANBARRI,-1,-1;ZUA "ZUA" true true false 2 Text 0 0 ,First,#,Conexiones de base de datos\Placiutat_U_Geoib1.sde\PLACIUTAT_U.UNITATS_ADM_POLIGONS_V,ZUA,-1,-1;AREA_I "AREA_I" true true false 1 Text 0 0 ,First,#,Conexiones de base de datos\Placiutat_U_Geoib1.sde\PLACIUTAT_U.UNITATS_ADM_POLIGONS_V,AREA_I,-1,-1;LITERAL "LITERAL" true true false 15 Text 0 0 ,First,#,Conexiones de base de datos\Placiutat_U_Geoib1.sde\PLACIUTAT_U.UNITATS_ADM_POLIGONS_V,LITERAL,-1,-1;PERIMETRE "PERIMETRE" true true false 8 Double 10 38 ,First,#,Conexiones de base de datos\Placiutat_U_Geoib1.sde\PLACIUTAT_U.UNITATS_ADM_POLIGONS_V,PERIMETRE,-1,-1;AREA "AREA" true true false 8 Double 10 38 ,First,#,Conexiones de base de datos\Placiutat_U_Geoib1.sde\PLACIUTAT_U.UNITATS_ADM_POLIGONS_V,AREA,-1,-1;ORD_REPRES "ORD_REPRES" true true false 2 Short 0 4 ,First,#,Conexiones de base de datos\Placiutat_U_Geoib1.sde\PLACIUTAT_U.UNITATS_ADM_POLIGONS_V,ORDRE_REPRESENTACIO,-1,-1;CODI_UA "CODI_UA" true true false 6 Text 0 0 ,First,#,Conexiones de base de datos\Placiutat_U_Geoib1.sde\PLACIUTAT_U.UNITATS_ADM_POLIGONS_V,CODI_UA,-1,-1;TIPUS_UA "TIPUS_UA" true true false 15 Text 0 0 ,First,#,Conexiones de base de datos\Placiutat_U_Geoib1.sde\PLACIUTAT_U.UNITATS_ADM_POLIGONS_V,TIPUS_UA,-1,-1;NOM "NOM" true true false 60 Text 0 0 ,First,#,Conexiones de base de datos\Placiutat_U_Geoib1.sde\PLACIUTAT_U.UNITATS_ADM_POLIGONS_V,NOM,-1,-1;WEB1 "WEB1" true true false 255 Text 0 0 ,First,#,Conexiones de base de datos\Placiutat_U_Geoib1.sde\PLACIUTAT_U.UNITATS_ADM_POLIGONS_V,WEB1,-1,-1;WEB2 "WEB2" true true false 255 Text 0 0 ,First,#,Conexiones de base de datos\Placiutat_U_Geoib1.sde\PLACIUTAT_U.UNITATS_ADM_POLIGONS_V,WEB2,-1,-1;WEB3 "WEB3" true true false 255 Text 0 0 ,First,#,Conexiones de base de datos\Placiutat_U_Geoib1.sde\PLACIUTAT_U.UNITATS_ADM_POLIGONS_V,WEB3,-1,-1;DOCUMENTA "DOCUMENTA" true true false 255 Text 0 0 ,First,#,Conexiones de base de datos\Placiutat_U_Geoib1.sde\PLACIUTAT_U.UNITATS_ADM_POLIGONS_V,DOCUMENTACIO,-1,-1;RANGESCALA "RANGESCALA" true true false 12 Text 0 0 ,First,#,Conexiones de base de datos\Placiutat_U_Geoib1.sde\PLACIUTAT_U.UNITATS_ADM_POLIGONS_V,RANG_ESCALA,-1,-1;TIPUS_POL "TIPUS_POL" true true false 5 Text 0 0 ,First,#,Conexiones de base de datos\Placiutat_U_Geoib1.sde\PLACIUTAT_U.UNITATS_ADM_POLIGONS_V,TIPUS_POLIGON,-1,-1;GRUIX_ID "GRUIX_ID" true true false 2 Text 0 0 ,First,#,Conexiones de base de datos\Placiutat_U_Geoib1.sde\PLACIUTAT_U.UNITATS_ADM_POLIGONS_V,GRUIX_ID,-1,-1;GRUIX_ID_VISTA "GRUIX_ID_VISTA" true true false 20 Text 0 0 ,First,#,Conexiones de base de datos\Placiutat_U_Geoib1.sde\PLACIUTAT_U.UNITATS_ADM_POLIGONS_V,GRUIX_ID_VISTA,-1,-1;GRUIXDIMEN "GRUIXDIMEN" true true false 8 Double 10 38 ,First,#,Conexiones de base de datos\Placiutat_U_Geoib1.sde\PLACIUTAT_U.UNITATS_ADM_POLIGONS_V,GRUIX_DIMENSIO,-1,-1;ESTIL_ID "ESTIL_ID" true true false 2 Text 0 0 ,First,#,Conexiones de base de datos\Placiutat_U_Geoib1.sde\PLACIUTAT_U.UNITATS_ADM_POLIGONS_V,ESTIL_ID,-1,-1;ESTIL_ID_VISTA "ESTIL_ID_VISTA" true true false 20 Text 0 0 ,First,#,Conexiones de base de datos\Placiutat_U_Geoib1.sde\PLACIUTAT_U.UNITATS_ADM_POLIGONS_V,ESTIL_ID_VISTA,-1,-1;ESTIL_QGIS "ESTIL_QGIS" true true false 20 Text 0 0 ,First,#,Conexiones de base de datos\Placiutat_U_Geoib1.sde\PLACIUTAT_U.UNITATS_ADM_POLIGONS_V,ESTIL_QGIS,-1,-1;VALOR1QGIS "VALOR1QGIS" true true false 20 Text 0 0 ,First,#,Conexiones de base de datos\Placiutat_U_Geoib1.sde\PLACIUTAT_U.UNITATS_ADM_POLIGONS_V,VALOR1_QGIS,-1,-1;VALOR2QGIS "VALOR2QGIS" true true false 20 Text 0 0 ,First,#,Conexiones de base de datos\Placiutat_U_Geoib1.sde\PLACIUTAT_U.UNITATS_ADM_POLIGONS_V,VALOR2_QGIS,-1,-1;COL_FARCIT "COL_FARCIT" true true false 3 Text 0 0 ,First,#,Conexiones de base de datos\Placiutat_U_Geoib1.sde\PLACIUTAT_U.UNITATS_ADM_POLIGONS_V,COLOR_FARCIT,-1,-1;FCOL_DESCR "FCOL_DESCR" true true false 50 Text 0 0 ,First,#,Conexiones de base de datos\Placiutat_U_Geoib1.sde\PLACIUTAT_U.UNITATS_ADM_POLIGONS_V,FCOLOR_DESCRIPCIO,-1,-1;FRED "FRED" true true false 2 Short 0 3 ,First,#,Conexiones de base de datos\Placiutat_U_Geoib1.sde\PLACIUTAT_U.UNITATS_ADM_POLIGONS_V,FRED,-1,-1;FGREEN "FGREEN" true true false 2 Short 0 3 ,First,#,Conexiones de base de datos\Placiutat_U_Geoib1.sde\PLACIUTAT_U.UNITATS_ADM_POLIGONS_V,FGREEN,-1,-1;FBLUE "FBLUE" true true false 2 Short 0 3 ,First,#,Conexiones de base de datos\Placiutat_U_Geoib1.sde\PLACIUTAT_U.UNITATS_ADM_POLIGONS_V,FBLUE,-1,-1;FHEX_COLOR7 "FHEX_COLOR7" true true false 7 Text 0 0 ,First,#,Conexiones de base de datos\Placiutat_U_Geoib1.sde\PLACIUTAT_U.UNITATS_ADM_POLIGONS_V,FHEX_COLOR7,-1,-1;COLOR_ID "COLOR_ID" true false false 4 Long 0 8 ,First,#,Conexiones de base de datos\Placiutat_U_Geoib1.sde\PLACIUTAT_U.UNITATS_ADM_POLIGONS_V,COLOR_ID,-1,-1;COL_DESCR "COL_DESCR" true true false 50 Text 0 0 ,First,#,Conexiones de base de datos\Placiutat_U_Geoib1.sde\PLACIUTAT_U.UNITATS_ADM_POLIGONS_V,COLOR_DESCRIPCIO,-1,-1;RED "RED" true true false 2 Short 0 3 ,First,#,Conexiones de base de datos\Placiutat_U_Geoib1.sde\PLACIUTAT_U.UNITATS_ADM_POLIGONS_V,RED,-1,-1;GREEN "GREEN" true true false 2 Short 0 3 ,First,#,Conexiones de base de datos\Placiutat_U_Geoib1.sde\PLACIUTAT_U.UNITATS_ADM_POLIGONS_V,GREEN,-1,-1;BLUE "BLUE" true true false 2 Short 0 3 ,First,#,Conexiones de base de datos\Placiutat_U_Geoib1.sde\PLACIUTAT_U.UNITATS_ADM_POLIGONS_V,BLUE,-1,-1;HEX_COLOR7 "HEX_COLOR7" true true false 7 Text 0 0 ,First,#,Conexiones de base de datos\Placiutat_U_Geoib1.sde\PLACIUTAT_U.UNITATS_ADM_POLIGONS_V,HEX_COLOR7,-1,-1" #</Process><Process Name="Eliminar campo" ToolSource="c:\program files (x86)\arcgis\desktop10.8\ArcToolbox\Toolboxes\Data Management Tools.tbx\DeleteField" Date="20250206" Time="100046">DeleteField G:\BK_XSS_Workstation_ET000137\D\Treball\ProductosSHP_FeriaGlobalGeo_2011\DivAdm_vEtrs89\BASE_SHPs_Finales.gdb\UNITATS_ADM_POLIGONS_V FID;GRUIX_ID_VISTA;ESTIL_ID_VISTA;FRED;FGREEN;FBLUE;COLOR_ID;RED;GREEN;BLUE;FID_</Process><Process Name="Seleccionar (7)" ToolSource="c:\program files (x86)\arcgis\desktop10.8\ArcToolbox\Toolboxes\Analysis Tools.tbx\Select" Date="20250206" Time="100104">Select G:\BK_XSS_Workstation_ET000137\D\Treball\ProductosSHP_FeriaGlobalGeo_2011\DivAdm_vEtrs89\BASE_SHPs_Finales.gdb\UNITATS_ADM_POLIGONS_V "N:\9SITEB\Publicacions\Unitats Administratives\Shp\0301040100_GranBarri_UNITATS_ADM.shp" "CONJ_DESCR = 'Gran barri'"</Process><Process Name="Eliminar campo (8)" ToolSource="c:\program files (x86)\arcgis\desktop10.8\ArcToolbox\Toolboxes\Data Management Tools.tbx\DeleteField" Date="20250206" Time="100105">DeleteField "N:\9SITEB\Publicacions\Unitats Administratives\Shp\0301040100_GranBarri_UNITATS_ADM.shp" Shape_Leng;Shape_Area</Process></lineage><itemProps><itemName Sync="TRUE">0301040100_GranBarri_UNITATS_ADM</itemName><imsContentType Sync="TRUE">002</imsContentType><itemSize Sync="TRUE">0.000</itemSize><itemLocation><linkage Sync="TRUE">file://\\NAS_CORP.imi.bcn\CORP\SITEB\9SITEB\Publicacions\Unitats Administratives\Shp\0301040100_GranBarri_UNITATS_ADM.shp</linkage><protocol Sync="TRUE">Local Area Network</protocol></itemLocation></itemProps><coordRef><type Sync="TRUE">Projected</type><geogcsn Sync="TRUE">GCS_ETRS_1989</geogcsn><csUnits Sync="TRUE">Linear Unit: Meter (1.000000)</csUnits><projcsn Sync="TRUE">ETRS_1989_UTM_Zone_31N</projcsn><peXml Sync="TRUE">&lt;ProjectedCoordinateSystem xsi:type='typens:ProjectedCoordinateSystem' xmlns:xsi='http://www.w3.org/2001/XMLSchema-instance' xmlns:xs='http://www.w3.org/2001/XMLSchema' xmlns:typens='http://www.esri.com/schemas/ArcGIS/10.8'&gt;&lt;WKT&gt;PROJCS[&amp;quot;ETRS_1989_UTM_Zone_31N&amp;quot;,GEOGCS[&amp;quot;GCS_ETRS_1989&amp;quot;,DATUM[&amp;quot;D_ETRS_1989&amp;quot;,SPHEROID[&amp;quot;GRS_1980&amp;quot;,6378137.0,298.257222101]],PRIMEM[&amp;quot;Greenwich&amp;quot;,0.0],UNIT[&amp;quot;Degree&amp;quot;,0.0174532925199433]],PROJECTION[&amp;quot;Transverse_Mercator&amp;quot;],PARAMETER[&amp;quot;False_Easting&amp;quot;,500000.0],PARAMETER[&amp;quot;False_Northing&amp;quot;,0.0],PARAMETER[&amp;quot;Central_Meridian&amp;quot;,3.0],PARAMETER[&amp;quot;Scale_Factor&amp;quot;,0.9996],PARAMETER[&amp;quot;Latitude_Of_Origin&amp;quot;,0.0],UNIT[&amp;quot;Meter&amp;quot;,1.0],AUTHORITY[&amp;quot;EPSG&amp;quot;,25831]]&lt;/WKT&gt;&lt;XOrigin&gt;-5120900&lt;/XOrigin&gt;&lt;YOrigin&gt;-9998100&lt;/YOrigin&gt;&lt;XYScale&gt;450445547.3910538&lt;/XYScale&gt;&lt;ZOrigin&gt;-100000&lt;/ZOrigin&gt;&lt;ZScale&gt;10000&lt;/ZScale&gt;&lt;MOrigin&gt;-100000&lt;/MOrigin&gt;&lt;MScale&gt;10000&lt;/MScale&gt;&lt;XYTolerance&gt;0.001&lt;/XYTolerance&gt;&lt;ZTolerance&gt;0.001&lt;/ZTolerance&gt;&lt;MTolerance&gt;0.001&lt;/MTolerance&gt;&lt;HighPrecision&gt;true&lt;/HighPrecision&gt;&lt;WKID&gt;25831&lt;/WKID&gt;&lt;LatestWKID&gt;25831&lt;/LatestWKID&gt;&lt;/ProjectedCoordinateSystem&gt;</peXml></coordRef></DataProperties><SyncDate>20250206</SyncDate><SyncTime>10010300</SyncTime><ModDate>20250206</ModDate><ModTime>10010300</ModTime></Esri><dataIdInfo><envirDesc Sync="TRUE"> Version 6.2 (Build 9200) ; Esri ArcGIS 10.9.1.28388</envirDesc><dataLang><languageCode value="cat" Sync="TRUE"></languageCode><countryCode value="ESP" Sync="TRUE"></countryCode></dataLang><idCitation><resTitle Sync="TRUE">0301040100_GranBarri_UNITATS_ADM</resTitle><presForm><PresFormCd value="005" Sync="TRUE"></PresFormCd></presForm></idCitation><spatRpType><SpatRepTypCd value="001" Sync="TRUE"></SpatRepTypCd></spatRpType></dataIdInfo><mdLang><languageCode value="cat" Sync="TRUE"></languageCode><countryCode value="ESP" Sync="TRUE"></countryCode></mdLang><distInfo><distFormat><formatName Sync="TRUE">Shapefile</formatName></distFormat><distTranOps><transSize Sync="TRUE">0.000</transSize></distTranOps></distInfo><mdHrLv><ScopeCd value="005" Sync="TRUE"></ScopeCd></mdHrLv><mdHrLvName Sync="TRUE">dataset</mdHrLvName><refSysInfo><RefSystem><refSysID><identCode code="25831" Sync="TRUE"></identCode><idCodeSpace Sync="TRUE">EPSG</idCodeSpace><idVersion Sync="TRUE">4.3(4.0.0)</idVersion></refSysID></RefSystem></refSysInfo><spatRepInfo><VectSpatRep><geometObjs Name="0301040100_GranBarri_UNITATS_ADM"><geoObjTyp><GeoObjTypCd value="002" Sync="TRUE"></GeoObjTypCd></geoObjTyp><geoObjCnt Sync="TRUE">0</geoObjCnt></geometObjs><topLvl><TopoLevCd value="001" Sync="TRUE"></TopoLevCd></topLvl></VectSpatRep></spatRepInfo><spdoinfo><ptvctinf><esriterm Name="0301040100_GranBarri_UNITATS_ADM"><efeatyp Sync="TRUE">Simple</efeatyp><efeageom code="4" Sync="TRUE"></efeageom><esritopo Sync="TRUE">FALSE</esritopo><efeacnt Sync="TRUE">0</efeacnt><spindex Sync="TRUE">FALSE</spindex><linrefer Sync="TRUE">FALSE</linrefer></esriterm></ptvctinf></spdoinfo><eainfo><detailed Name="0301040100_GranBarri_UNITATS_ADM"><enttyp><enttypl Sync="TRUE">0301040100_GranBarri_UNITATS_ADM</enttypl><enttypt Sync="TRUE">Feature Class</enttypt><enttypc Sync="TRUE">0</enttypc></enttyp><attr><attrlabl Sync="TRUE">FID</attrlabl><attalias Sync="TRUE">FID</attalias><attrtype Sync="TRUE">OID</attrtype><attwidth Sync="TRUE">4</attwidth><atprecis Sync="TRUE">0</atprecis><attscale Sync="TRUE">0</attscale><attrdef Sync="TRUE">Internal feature number.</attrdef><attrdefs Sync="TRUE">Esri</attrdefs><attrdomv><udom Sync="TRUE">Sequential unique whole numbers that are automatically generated.</udom></attrdomv></attr><attr><attrlabl Sync="TRUE">Shape</attrlabl><attalias Sync="TRUE">Shape</attalias><attrtype Sync="TRUE">Geometry</attrtype><attwidth Sync="TRUE">0</attwidth><atprecis Sync="TRUE">0</atprecis><attscale Sync="TRUE">0</attscale><attrdef Sync="TRUE">Feature geometry.</attrdef><attrdefs Sync="TRUE">Esri</attrdefs><attrdomv><udom Sync="TRUE">Coordinates defining the features.</udom></attrdomv></attr><attr><attrlabl Sync="TRUE">ID_ANNEX</attrlabl><attalias Sync="TRUE">ID_ANNEX</attalias><attrtype Sync="TRUE">String</attrtype><attwidth Sync="TRUE">5</attwidth><atprecis Sync="TRUE">0</atprecis><attscale Sync="TRUE">0</attscale></attr><attr><attrlabl Sync="TRUE">ANNEXDESCR</attrlabl><attalias Sync="TRUE">ANNEXDESCR</attalias><attrtype Sync="TRUE">String</attrtype><attwidth Sync="TRUE">50</attwidth><atprecis Sync="TRUE">0</atprecis><attscale Sync="TRUE">0</attscale></attr><attr><attrlabl Sync="TRUE">ID_TEMA</attrlabl><attalias Sync="TRUE">ID_TEMA</attalias><attrtype Sync="TRUE">String</attrtype><attwidth Sync="TRUE">10</attwidth><atprecis Sync="TRUE">0</atprecis><attscale Sync="TRUE">0</attscale></attr><attr><attrlabl Sync="TRUE">TEMA_DESCR</attrlabl><attalias Sync="TRUE">TEMA_DESCR</attalias><attrtype Sync="TRUE">String</attrtype><attwidth Sync="TRUE">50</attwidth><atprecis Sync="TRUE">0</atprecis><attscale Sync="TRUE">0</attscale></attr><attr><attrlabl Sync="TRUE">ID_CONJUNT</attrlabl><attalias Sync="TRUE">ID_CONJUNT</attalias><attrtype Sync="TRUE">String</attrtype><attwidth Sync="TRUE">15</attwidth><atprecis Sync="TRUE">0</atprecis><attscale Sync="TRUE">0</attscale></attr><attr><attrlabl Sync="TRUE">CONJ_DESCR</attrlabl><attalias Sync="TRUE">CONJ_DESCR</attalias><attrtype Sync="TRUE">String</attrtype><attwidth Sync="TRUE">50</attwidth><atprecis Sync="TRUE">0</atprecis><attscale Sync="TRUE">0</attscale></attr><attr><attrlabl Sync="TRUE">ID_SUBCONJ</attrlabl><attalias Sync="TRUE">ID_SUBCONJ</attalias><attrtype Sync="TRUE">String</attrtype><attwidth Sync="TRUE">20</attwidth><atprecis Sync="TRUE">0</atprecis><attscale Sync="TRUE">0</attscale></attr><attr><attrlabl Sync="TRUE">SCONJ_DESC</attrlabl><attalias Sync="TRUE">SCONJ_DESC</attalias><attrtype Sync="TRUE">String</attrtype><attwidth Sync="TRUE">50</attwidth><atprecis Sync="TRUE">0</atprecis><attscale Sync="TRUE">0</attscale></attr><attr><attrlabl Sync="TRUE">ID_ELEMENT</attrlabl><attalias Sync="TRUE">ID_ELEMENT</attalias><attrtype Sync="TRUE">String</attrtype><attwidth Sync="TRUE">25</attwidth><atprecis Sync="TRUE">0</atprecis><attscale Sync="TRUE">0</attscale></attr><attr><attrlabl Sync="TRUE">ELEM_DESCR</attrlabl><attalias Sync="TRUE">ELEM_DESCR</attalias><attrtype Sync="TRUE">String</attrtype><attwidth Sync="TRUE">50</attwidth><atprecis Sync="TRUE">0</atprecis><attscale Sync="TRUE">0</attscale></attr><attr><attrlabl Sync="TRUE">NIVELL</attrlabl><attalias Sync="TRUE">NIVELL</attalias><attrtype Sync="TRUE">String</attrtype><attwidth Sync="TRUE">35</attwidth><atprecis Sync="TRUE">0</atprecis><attscale Sync="TRUE">0</attscale></attr><attr><attrlabl Sync="TRUE">NDESCR_CA</attrlabl><attalias Sync="TRUE">NDESCR_CA</attalias><attrtype Sync="TRUE">String</attrtype><attwidth Sync="TRUE">100</attwidth><atprecis Sync="TRUE">0</atprecis><attscale Sync="TRUE">0</attscale></attr><attr><attrlabl Sync="TRUE">NDESCR_ES</attrlabl><attalias Sync="TRUE">NDESCR_ES</attalias><attrtype Sync="TRUE">String</attrtype><attwidth Sync="TRUE">100</attwidth><atprecis Sync="TRUE">0</atprecis><attscale Sync="TRUE">0</attscale></attr><attr><attrlabl Sync="TRUE">NDESCR_EN</attrlabl><attalias Sync="TRUE">NDESCR_EN</attalias><attrtype Sync="TRUE">String</attrtype><attwidth Sync="TRUE">100</attwidth><atprecis Sync="TRUE">0</atprecis><attscale Sync="TRUE">0</attscale></attr><attr><attrlabl Sync="TRUE">TERME</attrlabl><attalias Sync="TRUE">TERME</attalias><attrtype Sync="TRUE">String</attrtype><attwidth Sync="TRUE">6</attwidth><atprecis Sync="TRUE">0</atprecis><attscale Sync="TRUE">0</attscale></attr><attr><attrlabl Sync="TRUE">DISTRICTE</attrlabl><attalias Sync="TRUE">DISTRICTE</attalias><attrtype Sync="TRUE">String</attrtype><attwidth Sync="TRUE">2</attwidth><atprecis Sync="TRUE">0</atprecis><attscale Sync="TRUE">0</attscale></attr><attr><attrlabl Sync="TRUE">BARRI</attrlabl><attalias Sync="TRUE">BARRI</attalias><attrtype Sync="TRUE">String</attrtype><attwidth Sync="TRUE">2</attwidth><atprecis Sync="TRUE">0</atprecis><attscale Sync="TRUE">0</attscale></attr><attr><attrlabl Sync="TRUE">AEB</attrlabl><attalias Sync="TRUE">AEB</attalias><attrtype Sync="TRUE">String</attrtype><attwidth Sync="TRUE">3</attwidth><atprecis Sync="TRUE">0</atprecis><attscale Sync="TRUE">0</attscale></attr><attr><attrlabl Sync="TRUE">SEC_CENS</attrlabl><attalias Sync="TRUE">SEC_CENS</attalias><attrtype Sync="TRUE">String</attrtype><attwidth Sync="TRUE">3</attwidth><atprecis Sync="TRUE">0</atprecis><attscale Sync="TRUE">0</attscale></attr><attr><attrlabl Sync="TRUE">GRANBARRI</attrlabl><attalias Sync="TRUE">GRANBARRI</attalias><attrtype Sync="TRUE">String</attrtype><attwidth Sync="TRUE">2</attwidth><atprecis Sync="TRUE">0</atprecis><attscale Sync="TRUE">0</attscale></attr><attr><attrlabl Sync="TRUE">ZUA</attrlabl><attalias Sync="TRUE">ZUA</attalias><attrtype Sync="TRUE">String</attrtype><attwidth Sync="TRUE">2</attwidth><atprecis Sync="TRUE">0</atprecis><attscale Sync="TRUE">0</attscale></attr><attr><attrlabl Sync="TRUE">AREA_I</attrlabl><attalias Sync="TRUE">AREA_I</attalias><attrtype Sync="TRUE">String</attrtype><attwidth Sync="TRUE">1</attwidth><atprecis Sync="TRUE">0</atprecis><attscale Sync="TRUE">0</attscale></attr><attr><attrlabl Sync="TRUE">LITERAL</attrlabl><attalias Sync="TRUE">LITERAL</attalias><attrtype Sync="TRUE">String</attrtype><attwidth Sync="TRUE">15</attwidth><atprecis Sync="TRUE">0</atprecis><attscale Sync="TRUE">0</attscale></attr><attr><attrlabl Sync="TRUE">PERIMETRE</attrlabl><attalias Sync="TRUE">PERIMETRE</attalias><attrtype Sync="TRUE">Double</attrtype><attwidth Sync="TRUE">19</attwidth><atprecis Sync="TRUE">0</atprecis><attscale Sync="TRUE">0</attscale></attr><attr><attrlabl Sync="TRUE">AREA</attrlabl><attalias Sync="TRUE">AREA</attalias><attrtype Sync="TRUE">Double</attrtype><attwidth Sync="TRUE">19</attwidth><atprecis Sync="TRUE">0</atprecis><attscale Sync="TRUE">0</attscale></attr><attr><attrlabl Sync="TRUE">ORD_REPRES</attrlabl><attalias Sync="TRUE">ORD_REPRES</attalias><attrtype Sync="TRUE">Integer</attrtype><attwidth Sync="TRUE">5</attwidth><atprecis Sync="TRUE">5</atprecis><attscale Sync="TRUE">0</attscale></attr><attr><attrlabl Sync="TRUE">CODI_UA</attrlabl><attalias Sync="TRUE">CODI_UA</attalias><attrtype Sync="TRUE">String</attrtype><attwidth Sync="TRUE">6</attwidth><atprecis Sync="TRUE">0</atprecis><attscale Sync="TRUE">0</attscale></attr><attr><attrlabl Sync="TRUE">TIPUS_UA</attrlabl><attalias Sync="TRUE">TIPUS_UA</attalias><attrtype Sync="TRUE">String</attrtype><attwidth Sync="TRUE">15</attwidth><atprecis Sync="TRUE">0</atprecis><attscale Sync="TRUE">0</attscale></attr><attr><attrlabl Sync="TRUE">NOM</attrlabl><attalias Sync="TRUE">NOM</attalias><attrtype Sync="TRUE">String</attrtype><attwidth Sync="TRUE">60</attwidth><atprecis Sync="TRUE">0</atprecis><attscale Sync="TRUE">0</attscale></attr><attr><attrlabl Sync="TRUE">WEB1</attrlabl><attalias Sync="TRUE">WEB1</attalias><attrtype Sync="TRUE">String</attrtype><attwidth Sync="TRUE">254</attwidth><atprecis Sync="TRUE">0</atprecis><attscale Sync="TRUE">0</attscale></attr><attr><attrlabl Sync="TRUE">WEB2</attrlabl><attalias Sync="TRUE">WEB2</attalias><attrtype Sync="TRUE">String</attrtype><attwidth Sync="TRUE">254</attwidth><atprecis Sync="TRUE">0</atprecis><attscale Sync="TRUE">0</attscale></attr><attr><attrlabl Sync="TRUE">WEB3</attrlabl><attalias Sync="TRUE">WEB3</attalias><attrtype Sync="TRUE">String</attrtype><attwidth Sync="TRUE">254</attwidth><atprecis Sync="TRUE">0</atprecis><attscale Sync="TRUE">0</attscale></attr><attr><attrlabl Sync="TRUE">DOCUMENTA</attrlabl><attalias Sync="TRUE">DOCUMENTA</attalias><attrtype Sync="TRUE">String</attrtype><attwidth Sync="TRUE">254</attwidth><atprecis Sync="TRUE">0</atprecis><attscale Sync="TRUE">0</attscale></attr><attr><attrlabl Sync="TRUE">RANGESCALA</attrlabl><attalias Sync="TRUE">RANGESCALA</attalias><attrtype Sync="TRUE">String</attrtype><attwidth Sync="TRUE">12</attwidth><atprecis Sync="TRUE">0</atprecis><attscale Sync="TRUE">0</attscale></attr><attr><attrlabl Sync="TRUE">TIPUS_POL</attrlabl><attalias Sync="TRUE">TIPUS_POL</attalias><attrtype Sync="TRUE">String</attrtype><attwidth Sync="TRUE">5</attwidth><atprecis Sync="TRUE">0</atprecis><attscale Sync="TRUE">0</attscale></attr><attr><attrlabl Sync="TRUE">GRUIX_ID</attrlabl><attalias Sync="TRUE">GRUIX_ID</attalias><attrtype Sync="TRUE">String</attrtype><attwidth Sync="TRUE">2</attwidth><atprecis Sync="TRUE">0</atprecis><attscale Sync="TRUE">0</attscale></attr><attr><attrlabl Sync="TRUE">GRUIXDIMEN</attrlabl><attalias Sync="TRUE">GRUIXDIMEN</attalias><attrtype Sync="TRUE">Double</attrtype><attwidth Sync="TRUE">19</attwidth><atprecis Sync="TRUE">0</atprecis><attscale Sync="TRUE">0</attscale></attr><attr><attrlabl Sync="TRUE">ESTIL_ID</attrlabl><attalias Sync="TRUE">ESTIL_ID</attalias><attrtype Sync="TRUE">String</attrtype><attwidth Sync="TRUE">2</attwidth><atprecis Sync="TRUE">0</atprecis><attscale Sync="TRUE">0</attscale></attr><attr><attrlabl Sync="TRUE">ESTIL_QGIS</attrlabl><attalias Sync="TRUE">ESTIL_QGIS</attalias><attrtype Sync="TRUE">String</attrtype><attwidth Sync="TRUE">20</attwidth><atprecis Sync="TRUE">0</atprecis><attscale Sync="TRUE">0</attscale></attr><attr><attrlabl Sync="TRUE">VALOR1QGIS</attrlabl><attalias Sync="TRUE">VALOR1QGIS</attalias><attrtype Sync="TRUE">String</attrtype><attwidth Sync="TRUE">20</attwidth><atprecis Sync="TRUE">0</atprecis><attscale Sync="TRUE">0</attscale></attr><attr><attrlabl Sync="TRUE">VALOR2QGIS</attrlabl><attalias Sync="TRUE">VALOR2QGIS</attalias><attrtype Sync="TRUE">String</attrtype><attwidth Sync="TRUE">20</attwidth><atprecis Sync="TRUE">0</atprecis><attscale Sync="TRUE">0</attscale></attr><attr><attrlabl Sync="TRUE">COL_FARCIT</attrlabl><attalias Sync="TRUE">COL_FARCIT</attalias><attrtype Sync="TRUE">String</attrtype><attwidth Sync="TRUE">3</attwidth><atprecis Sync="TRUE">0</atprecis><attscale Sync="TRUE">0</attscale></attr><attr><attrlabl Sync="TRUE">FCOL_DESCR</attrlabl><attalias Sync="TRUE">FCOL_DESCR</attalias><attrtype Sync="TRUE">String</attrtype><attwidth Sync="TRUE">50</attwidth><atprecis Sync="TRUE">0</atprecis><attscale Sync="TRUE">0</attscale></attr><attr><attrlabl Sync="TRUE">FHEX_COLOR</attrlabl><attalias Sync="TRUE">FHEX_COLOR</attalias><attrtype Sync="TRUE">String</attrtype><attwidth Sync="TRUE">7</attwidth><atprecis Sync="TRUE">0</atprecis><attscale Sync="TRUE">0</attscale></attr><attr><attrlabl Sync="TRUE">COL_DESCR</attrlabl><attalias Sync="TRUE">COL_DESCR</attalias><attrtype Sync="TRUE">String</attrtype><attwidth Sync="TRUE">50</attwidth><atprecis Sync="TRUE">0</atprecis><attscale Sync="TRUE">0</attscale></attr><attr><attrlabl Sync="TRUE">HEX_COLOR7</attrlabl><attalias Sync="TRUE">HEX_COLOR7</attalias><attrtype Sync="TRUE">String</attrtype><attwidth Sync="TRUE">7</attwidth><atprecis Sync="TRUE">0</atprecis><attscale Sync="TRUE">0</attscale></attr><attr><attrlabl Sync="TRUE">Shape_Leng</attrlabl><attalias Sync="TRUE">Shape_Leng</attalias><attrtype Sync="TRUE">Double</attrtype><attwidth Sync="TRUE">19</attwidth><atprecis Sync="TRUE">0</atprecis><attscale Sync="TRUE">0</attscale></attr><attr><attrlabl Sync="TRUE">Shape_Area</attrlabl><attalias Sync="TRUE">Shape_Area</attalias><attrtype Sync="TRUE">Double</attrtype><attwidth Sync="TRUE">19</attwidth><atprecis Sync="TRUE">0</atprecis><attscale Sync="TRUE">0</attscale><attrdef Sync="TRUE">Area of feature in internal units squared.</attrdef><attrdefs Sync="TRUE">Esri</attrdefs><attrdomv><udom Sync="TRUE">Positive real numbers that are automatically generated.</udom></attrdomv></attr></detailed></eainfo><mdDateSt Sync="TRUE">20250206</mdDateSt></metadata>
